config,hold_days,trades,winners,losers,win_rate,avg_return,total_return,zero_loser
14d_best,14,51,31,20,60.78431372549019,-7.0193130881484604,-357.9849674955715,False
30d_high_ret,30,41,36,5,87.8048780487805,19.78969072216469,811.3773196087523,False
7d_quick,7,28,24,4,85.71428571428571,1.6307639036056898,45.661389300959314,False
21d_balanced,21,44,22,22,50.0,-9.83233291338722,-432.62264818903765,False
14d_strict,14,37,28,9,75.67567567567568,2.5822184276265823,95.54208182218355,False
