{
  "total_trades": 146,
  "win_count": 83,
  "win_rate": 56.849315068493155,
  "avg_return": 6.041584638478677,
  "median_return": 7.987042198431325,
  "trades_per_month": 6.3755458515283845,
  "recommendation": "IMPLEMENT",
  "criteria_met": 3
}