{
  "total_setups": 30,
  "win_rate": 100.0,
  "avg_surge": 18.264573200394633,
  "avg_actual_return": 18.264573200394633,
  "setups_per_month": 1.331360946745562,
  "monthly_return": 24.31673946798102,
  "recommendation": "IMPLEMENT",
  "criteria_met": 2
}